<?xml version="1.0" encoding="UTF-8"?>
<project-private xmlns="http://www.netbeans.org/ns/project-private/1">
    <editor-bookmarks xmlns="http://www.netbeans.org/ns/editor-bookmarks/2" lastBookmarkId="0"/>
    <open-files xmlns="http://www.netbeans.org/ns/projectui-open-files/2">
        <group>
            <file>file:/C:/Users/Carlos/Documents/NetBeansProjects/tetris/src/thanos/gameMenu.java</file>
            <file>file:/C:/Users/Carlos/Documents/NetBeansProjects/tetris/src/thanos/vistaEditor.java</file>
            <file>file:/C:/Users/Carlos/Documents/NetBeansProjects/tetris/src/thanos/theter.java</file>
            <file>file:/C:/Users/Carlos/Documents/NetBeansProjects/tetris/src/thanos/shape.java</file>
            <file>file:/C:/Users/Carlos/Documents/NetBeansProjects/tetris/build.xml</file>
            <file>file:/C:/Users/Carlos/Documents/NetBeansProjects/tetris/src/thanos/tete.java</file>
            <file>file:/C:/Users/Carlos/Documents/NetBeansProjects/tetris/src/thanos/tablero.java</file>
            <file>file:/C:/Users/Carlos/Documents/NetBeansProjects/tetris/src/thanos/analizador.java</file>
            <file>file:/C:/Users/Carlos/Documents/NetBeansProjects/tetris/src/thanos/listas.java</file>
        </group>
    </open-files>
</project-private>
